gt_weather,correct
clear,0.6666666666666666
rainy,0.03333333333333333
snowy,0.0
